PROSITE_ID,Start,End,Score,Sequence_Snippet
PS51041,30,107,27.456,DPNVCSHWESYSVT---VQESYPHPFDQIYYTSCT---DILNWFKCT----RHRVSYRTA
PS50026,106,136,6.557,#NAME?
PS50026,144,179,8.763,WGPHCTsrCQCKNGALCNPITG----ACHCAAGFRGWRCE
PS50026,187,222,12.946,YGNDCHqrCQCQNGATCDHVTG----ECRCPPGYTGAFCE
PS50026,230,265,10.943,HGPQCEqrCPCQNGGVCHHVTG----ECSCPSGWMGTVCG
PS50026,278,308,12.6,#NAME?
PS50026,316,351,9.48,YGVLCAetCQCVNGGKCYHVSG----ACLCEAGFAGERCE
PS50026,405,440,8.031,YGEACQqiCSCQNGADCDSVTG----KCTCAPGFKGIDCS
PS50026,453,483,7.553,#NAME?
PS50026,491,526,9.765,WGFGCNltCQCLNGGACNTLDG----TCTCAPGWRGEKCE
PS50026,539,569,7.293,#NAME?
PS50026,577,612,10.381,WGPNCSlpCYCKNGASCSPDDG----ICECAPGFRGTTCQ
PS50026,665,700,8.474,FGKNCAgiCTCTNNGTCNPIDR----SCQCYPGWIGSDCS
PS50026,713,743,8.629,#NAME?
PS50026,751,786,9.891,YGKDCAliCQCQNGADCDHISG----QCTCRTGFMGRHCE
PS50026,799,829,7.924,#NAME?
